category,reference,designation,manufacturer,mpn,quantity_to_buy,quantity_used,package,tolerance,power_rating,voltage_rating,function,acceptable_alternative,forbidden_substitution,purchase_stage,estimated_unit_eur,assembly
CORE,U1,Low-speed fault-tolerant CAN transceiver 3.3 V MCU interface,NXP,TJA1055T/3/2Z,2,1,SO-14,n/a,n/a,"VCC 4.75-5.25 V; BAT 5-40 V",ISO 11898-3 physical receiver,"No form-fit-function substitute pre-approved; require a new electrical lifecycle and footprint review","TJA1055T without /3; TJA1055T/3/C,518 EOL; TJA1054A; any ISO 11898-2 high-speed transceiver",REQUIRED_NOW,2.42,MOUNT
CORE,U2,Automotive single tri-state buffer,Texas Instruments,CLVC1G125QDBVRQ1,3,1,SOT-23-5 DBV,n/a,n/a,1.65-5.5 V,First TX isolation barrier,"CLVC1G125QDBVRQ1G4 only as the explicitly reviewed green-package orderable suffix","Different package; non-Ioff buffer; open-drain gate; 5 V-only logic",REQUIRED_NOW,0.72,MOUNT
CORE,DEV1,ESP32-S3 development board 8 MB flash and 8 MB PSRAM,Espressif Systems,ESP32-S3-DEVKITC-1-N8R8,1,1,DevKitC-1 development board,n/a,n/a,5 V USB / 3.3 V logic,TWAI controller and capture firmware,"Official ESP32-S3-DevKitC-1 revision with identical exposed GPIO4/GPIO5/GPIO7 after pinout review","Obsolete N8-only listing; ESP32 classic; ESP8266; board with undocumented pinout",REQUIRED_NOW,12.90,MOUNT
TX_BARRIER,R_LINK_TX,Physical TX link footprint with 2.54 mm pad separation,Samtec,TSW-102-07-G-S,0,0,2-pin 2.54 mm,n/a,n/a,n/a,Second independent TX barrier physically absent,None,"Any installed header; jumper; solder bridge; zero-ohm resistor; populated component",DO_NOT_BUY,0.00,DNP
CONTROL,JP_RX_MODE,2-pin mode header,Samtec,TSW-102-07-G-S,2,1,2-pin 2.54 mm,n/a,n/a,5 V,Manual normal-receive enable,"Harwin M20-9990246",Latching switch tied to an ESP32 GPIO,REQUIRED_NOW,0.60,MOUNT
CONTROL,SH_RX_MODE,Removable shorting shunt,Samtec,SNT-100-BK-G,3,1,2.54 mm shunt,n/a,n/a,n/a,Arms normal receive only after bench checks,"Harwin M7567-05",Permanent solder bridge,REQUIRED_NOW,0.30,REMOVE_AT_BOOT
RESISTOR,R_TXD,TJA1055 TXD recessive pull-up,Yageo,RC0805FR-0710KL,10,1,0805,1 %,0.125 W,n/a,Holds TXD HIGH from +5V_TJA,"Any AEC-Q200 10 kOhm 1% 0805","Pull-up to 3.3 V; pull-down; value above 47 kOhm",REQUIRED_NOW,0.05,MOUNT
RESISTOR,R_OE,U2 /OE safe-state pull-up,Yageo,RC0805FR-0710KL,10,1,0805,1 %,0.125 W,n/a,Holds U2 output high impedance,"Any AEC-Q200 10 kOhm 1% 0805",Pull-down or firmware-only control,REQUIRED_NOW,0.05,MOUNT
RESISTOR,R_A,U2 input A pull-up,Yageo,RC0805FR-07100KL,10,1,0805,1 %,0.125 W,n/a,Defines buffer input when ESP32 absent,"Any AEC-Q200 100 kOhm 1% 0805",No pull or pull-down,REQUIRED_NOW,0.05,MOUNT
RESISTOR,R_TX_SER,TWAI_TX series resistor,Yageo,RC0805FR-071KL,10,1,0805,1 %,0.125 W,n/a,Limits edge/current into U2 input,"Any AEC-Q200 1 kOhm 1% 0805",Zero-ohm if long flying leads are used,REQUIRED_NOW,0.05,MOUNT
RESISTOR,R_RX_SER,RXD series resistor,Yageo,RC0805FR-071KL,10,1,0805,1 %,0.125 W,n/a,Limits edge/current toward GPIO4,"Any AEC-Q200 1 kOhm 1% 0805",Value above 2.2 kOhm without timing validation,REQUIRED_NOW,0.05,MOUNT
RESISTOR,R_ERR_SER,ERR series resistor,Yageo,RC0805FR-071KL,10,1,0805,1 %,0.125 W,n/a,Limits edge/current toward GPIO7,"Any AEC-Q200 1 kOhm 1% 0805",Value above 2.2 kOhm without timing validation,REQUIRED_NOW,0.05,MOUNT
RESISTOR,R_RX_PULL,RXD open-drain pull-up,Yageo,RC0805FR-073K3L,10,1,0805,1 %,0.125 W,n/a,Pulls RXD to 3.3 V at about 1 mA when LOW,"Any AEC-Q200 3.3 kOhm 1% 0805","Pull-up to 5 V; value below 2.7 kOhm",REQUIRED_NOW,0.05,MOUNT
RESISTOR,R_ERR_PULL,ERR open-drain pull-up,Yageo,RC0805FR-073K3L,10,1,0805,1 %,0.125 W,n/a,Pulls ERR to 3.3 V at about 1 mA when LOW,"Any AEC-Q200 3.3 kOhm 1% 0805","Pull-up to 5 V; value below 2.7 kOhm",REQUIRED_NOW,0.05,MOUNT
RESISTOR,R_STB_PD,STB default pull-down,Yageo,RC0805FR-0710KL,10,1,0805,1 %,0.125 W,n/a,Forces standby when RX mode jumper absent,"Any AEC-Q200 10 kOhm 1% 0805",Pull-up or firmware-only bias,REQUIRED_NOW,0.05,MOUNT
RESISTOR,R_EN_PD,EN default pull-down,Yageo,RC0805FR-0710KL,10,1,0805,1 %,0.125 W,n/a,Forces standby when RX mode jumper absent,"Any AEC-Q200 10 kOhm 1% 0805",Pull-up or firmware-only bias,REQUIRED_NOW,0.05,MOUNT
RESISTOR,R_STB_SER,Manual RX-mode feed to STB,Yageo,RC0805FR-071KL,10,1,0805,1 %,0.125 W,n/a,Limits current and forms safe divider,"Any AEC-Q200 1 kOhm 1% 0805",Direct GPIO connection,REQUIRED_NOW,0.05,MOUNT
RESISTOR,R_EN_SER,Manual RX-mode feed to EN,Yageo,RC0805FR-071KL,10,1,0805,1 %,0.125 W,n/a,Limits current and forms safe divider,"Any AEC-Q200 1 kOhm 1% 0805",Direct GPIO connection,REQUIRED_NOW,0.05,MOUNT
TERMINATION,R_RTH,CANH to RTH optional-node termination,Yageo,RT0805BRD075K62L,5,1,0805,0.1 %,0.125 W,n/a,Weak matched LS/FT termination,"Any 5.62 kOhm 0.1% 0805 resistor from same lot as R_RTL","120 Ohm cross-bus; 560 Ohm on future vehicle; mismatched value",REQUIRED_NOW,0.20,MOUNT
TERMINATION,R_RTL,CANL to RTL optional-node termination,Yageo,RT0805BRD075K62L,5,1,0805,0.1 %,0.125 W,n/a,Weak matched LS/FT termination,"Any 5.62 kOhm 0.1% 0805 resistor from same lot as R_RTH","120 Ohm cross-bus; 560 Ohm on future vehicle; mismatched value",REQUIRED_NOW,0.20,MOUNT
POWER,R_BAT,TJA1055 BAT transient series resistor,Yageo,RC1206FR-071KL,5,1,1206,1 %,0.25 W,n/a,NXP-recommended 1 kOhm BAT series protection,"Any AEC-Q200 1 kOhm 1% 0.25W",Value below 1 kOhm or above 2 kOhm without analysis,REQUIRED_NOW,0.10,MOUNT
POWER,F_BAT,Resettable fuse on 12 V bench input,Littelfuse,MINISMDC010F-2,2,1,1812,n/a,"Ihold 0.10 A",60 V,Limits wiring fault current,"Equivalent active 60 V 100 mA PPTC after footprint review",Fuse rated below 40 V; no current protection,REQUIRED_NOW,0.56,MOUNT
POWER,D_BAT,Reverse-polarity Schottky diode,Vishay,SS16-E3/61T,3,1,SMA,n/a,1 W,60 V,Blocks reversed 12 V bench supply,"Any AEC-Q101 60 V 1 A Schottky with reviewed footprint",Diode below 40 V repetitive rating,REQUIRED_NOW,0.35,MOUNT
POWER,F_5V,Resettable fuse on transceiver 5 V branch,Littelfuse,MINISMDC010F-2,2,1,1812,n/a,"Ihold 0.10 A",60 V,Limits transceiver branch fault current,"Equivalent active 60 V 100 mA PPTC after footprint review",No branch current protection,REQUIRED_NOW,0.56,MOUNT
CAPACITOR,C_VCC_100N,VCC local ceramic bypass,Wurth Elektronik,885012207098,10,1,0805,10 %,n/a,50 V,High-frequency VCC decoupling,"Active 100 nF X7R 0805 >=16 V with equal or lower ESR","Y5V; electrolytic only; value or package change",REQUIRED_NOW,0.09,MOUNT
CAPACITOR,C_VCC_22U,VCC local bulk capacitor,Taiyo Yuden,LMJ316BB7226MLHT,5,1,1206,20 %,n/a,10 V,VCC energy reservoir,"22 uF X5R/X7R 1206 >=10 V after DC-bias review","Capacitor below 10 V; unreviewed DC-bias derating",REQUIRED_NOW,0.77,MOUNT
CAPACITOR,C_BAT_10N,BAT local transient capacitor,Wurth Elektronik,885012207092,10,1,0805,10 %,n/a,50 V,NXP-recommended local BAT stabilization,"Active 10 nF X7R 0805 >=50 V","Capacitor below 50 V; value or package change",REQUIRED_NOW,0.09,MOUNT
CAPACITOR,C_U2_100N,U2 local ceramic bypass,Wurth Elektronik,885012207098,10,1,0805,10 %,n/a,50 V,U2 3.3 V decoupling,"Active 100 nF X7R 0805 >=16 V with equal or lower ESR",Omitted bypass,REQUIRED_NOW,0.09,MOUNT
CONNECTOR,J_BAT,12 V bench input header,JST,B2B-XH-A(LF)(SN),2,1,Through-hole 2-pin 2.50 mm,n/a,n/a,250 V,BAT and GND input,"Molex Micro-Fit 3.0 keyed 2-pin pair",Unkeyed Dupont lead for 12 V,REQUIRED_NOW,0.35,MOUNT
CONNECTOR,J_KCAN,Isolated LS/FT bus header,JST,B3B-XH-A(LF)(SN),2,1,Through-hole 3-pin 2.50 mm,n/a,n/a,250 V,KCAN_H KCAN_L GND,"Molex Micro-Fit 3.0 keyed 3-pin pair",OBD plug or BMW splice selected without vehicle schematic,REQUIRED_NOW,0.45,MOUNT
CONNECTOR,H_BAT,12 V cable housing,JST,XHP-2,2,1,2-pin housing,n/a,n/a,250 V,Mating housing for J_BAT,"Matching alternative connector family",Loose uninsulated wires,REQUIRED_NOW,0.15,MOUNT
CONNECTOR,H_KCAN,Bus cable housing,JST,XHP-3,2,1,3-pin housing,n/a,n/a,250 V,Mating housing for J_KCAN,"Matching alternative connector family",OBD plug or vehicle tap,REQUIRED_NOW,0.18,MOUNT
CONNECTOR,CRIMP,Loose crimp contacts for JST XH,JST,SXH-001T-P0.6,0,0,Crimp contact AWG 26-22,n/a,n/a,250 V,Documented contact option when the correct applicator is available,"Use LEAD_XH pre-crimped leads for this prototype",Hand-crimped with an unqualified generic tool,DO_NOT_BUY,0.00,DNP
CONNECTOR,LEAD_XH,Pre-crimped JST XH socket-to-socket lead 22 AWG 152 mm,JST Sales America,ASXHSXH22K152,4,3,Pre-crimped lead,n/a,n/a,250 V,Cut each lead in half to obtain two traceable pigtails for XHP housings,"Other genuine JST XH pre-crimped SXH-001T-P0.6 lead AWG 26-22",Marketplace pigtail with untraceable contacts or wire,REQUIRED_NOW,0.63,MOUNT
MECHANICAL,PCB1,Prototype perfboard 2.54 mm double-sided plated-through,BusBoard Prototype Systems,PR2H1-D,1,1,80 x 50 x 1.6 mm PTH,n/a,n/a,n/a,Short rigid prototype interconnect,"Equivalent FR4 2.54 mm PTH board after layout review",Solderless breadboard or non-plated board for powered bus qualification,REQUIRED_NOW,3.55,MOUNT
ADAPTER,ADP_U1,SOIC-14 narrow to DIP-14 compact adapter,Chip Quik,PA0003C,2,1,SOIC-14 1.27 mm to DIP-14 2.54 mm,n/a,n/a,n/a,Allows the 3.9 mm-wide TJA1055 SO-14 assembly on perfboard,"PA0003 non-compact adapter after board-fit review",Wide-body-only or wrong-pitch SOIC adapter; long flying-wire breakout,REQUIRED_NOW,5.69,MOUNT
ADAPTER,ADP_U2,SOT-23-5 to DIP-6 compact adapter,Chip Quik,PA0086C,2,1,SOT-23-5 0.95 mm to DIP-6 2.54 mm,n/a,n/a,n/a,Allows U2 assembly on perfboard,"Custom PCB with reviewed SOT-23-5 DBV footprint",Adafruit 1210; SOT-23-3-only adapter; marketplace module with extra circuitry,REQUIRED_NOW,4.98,MOUNT
TESTPOINT,TP_SET,Insulated through-hole miniature test points,Keystone Electronics,5001,20,15,Through-hole 1.02 mm mounting hole,n/a,n/a,n/a,Named measurement points,"Keystone 5000-5004 color variants with identical mounting dimensions",Keystone 5015 surface-mount point or unlabelled loose wire tails,REQUIRED_NOW,0.197,MOUNT
OPTIONAL_PROTECTION,D_CAN,Two-line CAN ESD/TVS footprint,Nexperia,"PESD2CAN,215",0,0,SOT-23,n/a,n/a,24 V standoff,Reserved only after LS/FT capacitance and pulse qualification,None,"Any populated TVS selected only for ISO 11898-2; low-voltage rail clamp",ADVANCED_LATER,0.00,DNP
OPTIONAL_FILTER,L_CAN,Common-mode choke footprint,TBD,TBD_NOT_SELECTED,0,0,TBD,n/a,n/a,n/a,Reserved only after EMC measurement,None,Unreviewed choke or ferrite beads in each line,ADVANCED_LATER,0.00,DNP
BENCH,PSU12,Current-limited laboratory supply 0-15 V >=0.5 A,Any reputable laboratory vendor,USER_SELECTED,1,1,Bench instrument,n/a,n/a,n/a,Safe 12 V BAT source with current limit,Existing regulated bench supply,Unfused car battery or cheap unregulated wall adapter,REQUIRED_FOR_POWERUP,70.00,EXTERNAL
BENCH,DMM,Digital multimeter with continuity and DC current,Any reputable measurement vendor,USER_SELECTED,1,1,Handheld instrument,n/a,n/a,"CAT rating appropriate to use",Pre-power continuity and voltage checks,Existing calibrated DMM,Test lamp as sole instrument,REQUIRED_FOR_POWERUP,35.00,EXTERNAL
BENCH,SCOPE,Two-channel oscilloscope >=20 MHz and two x10 probes,Any reputable measurement vendor,USER_SELECTED,1,1,Bench instrument,n/a,n/a,n/a,Proves no dominant pulse and observes ACK slot,Existing isolated or properly grounded scope,Logic analyzer as sole electrical proof,ADVANCED_REQUIRED_FOR_PASS,300.00,EXTERNAL
BENCH,GEN_LSFT,Active ISO 11898-3 source at 100 kbit/s,PEAK-System,"IPEH-002021 + IPEH-002039",1,1,USB interface plus converter,n/a,n/a,n/a,Documented LS/FT frame generator and ACK node,"Second isolated-bench ESP32-S3/TJA1055 active node; Ixxat 1.01.0283.22042","HS-CAN-only USB adapter; MCP2515 module with ISO 11898-2 transceiver",ADVANCED_LATER,311.00,EXTERNAL
