category,description,manufacturer,manufacturer_part_number,distributor,distributor_sku,qty_used,qty_to_order,package,estimated_unit_price,estimated_total,buy_stage,source_url,notes,verified_date,bom_references,currency,stock_snapshot
CORE,Low-speed fault-tolerant CAN transceiver,NXP,TJA1055T/3/2Z,DigiKey,568-TJA1055T/3/2ZCT-ND,1,2,SO-14 3.9 mm body 1.27 mm pitch,2.42,4.84,BUY_NOW,https://www.digikey.fr/en/products/detail/nxp-usa-inc/TJA1055T-3-2Z/1966456,"Active; cut tape; exact /3 3.3 V MCU-interface variant; do not substitute TJA1055T without /3 or an ISO 11898-2 transceiver",2026-10-01,U1,EUR,2115
CORE,Automotive tri-state buffer exact reviewed G4 orderable suffix,Texas Instruments,CLVC1G125QDBVRQ1G4,Mouser France,595-VC1G125QDBVRQ1G4,1,3,SOT-23-5 DBV 0.95 mm pitch,0.72,2.16,BUY_NOW,https://www.mouser.fr/fr/ProductDetail/Texas-Instruments/CLVC1G125QDBVRQ1G4,"Active; cut tape; SN74LVC1G125-Q1 is the family; BOM base OPN is CLVC1G125QDBVRQ1; G4 is the explicitly reviewed green-package ordering suffix",2026-10-01,U2,EUR,5915
CORE,ESP32-S3 DevKitC-1 8 MB flash plus 8 MB PSRAM,Espressif Systems,ESP32-S3-DEVKITC-1-N8R8,Mouser France,356-EP32S3DVKTC1N8R8,1,1,Official DevKitC-1 board,12.90,12.90,BUY_NOW,https://www.mouser.fr/fr/ProductDetail/Espressif-Systems/ESP32-S3-DevKitC-1-N8R8,"Current official variant; GPIO4 GPIO5 and GPIO7 remain exposed; N8-only distributor listing is obsolete",2026-10-01,DEV1,EUR,1601
TX_BARRIER,Physical TX link footprint intentionally absent,Samtec,TSW-102-07-G-S,DigiKey,612-TSW-102-07-G-S-ND,0,0,2-pin 2.54 mm header,0.18,0.00,DO_NOT_BUY,https://www.digikey.fr/fr/products/detail/samtec-inc/TSW-102-07-G-S/1101325,"DNP safety barrier; do not populate with a header jumper solder bridge or zero-ohm link",2026-10-01,R_LINK_TX,EUR,52615
CONTROL,Manual RX-mode header,Samtec,TSW-102-07-G-S,DigiKey,612-TSW-102-07-G-S-ND,1,2,2-pin through-hole 2.54 mm,0.18,0.36,BUY_NOW,https://www.digikey.fr/fr/products/detail/samtec-inc/TSW-102-07-G-S/1101325,Active bulk part; second unit is a spare and must never be fitted at R_LINK_TX,2026-10-01,JP_RX_MODE,EUR,52615
CONTROL,Removable RX-mode shunt,Samtec,SNT-100-BK-G,DigiKey,SNT-100-BK-G-ND,1,3,2-position 2.54 mm shunt,0.27,0.81,BUY_NOW,https://www.digikey.fr/fr/products/detail/samtec-inc/SNT-100-BK-G/1756763,Active bulk part; remove during boot and initial power checks,2026-10-01,SH_RX_MODE,EUR,149296
RESISTOR,10 kOhm pull resistors,Yageo,RC0805FR-0710KL,DigiKey,311-10.0KCRCT-ND,4,10,0805 2.0 x 1.25 mm 1 percent 0.125 W,0.029,0.29,BUY_NOW,https://www.digikey.fr/fr/products/detail/yageo/RC0805FR-0710KL/727535,"Active cut tape; any compliant 10 kOhm 1 percent 0805 >=0.125 W is acceptable; R_TXD must still connect to 5 V",2026-10-01,R_TXD|R_OE|R_STB_PD|R_EN_PD,EUR,2262829
RESISTOR,100 kOhm input pull-up,Yageo,RC0805FR-07100KL,DigiKey,311-100KCRCT-ND,1,10,0805 2.0 x 1.25 mm 1 percent 0.125 W,0.029,0.29,BUY_NOW,https://www.digikey.fr/fr/products/detail/yageo/RC0805FR-07100KL/727544,Active cut tape; any compliant 100 kOhm 1 percent 0805 >=0.125 W is acceptable,2026-10-01,R_A,EUR,384659
RESISTOR,1 kOhm logic series resistors,Yageo,RC0805FR-071KL,DigiKey,311-1.00KCRCT-ND,5,10,0805 2.0 x 1.25 mm 1 percent 0.125 W,0.029,0.29,BUY_NOW,https://www.digikey.fr/fr/products/detail/yageo/RC0805FR-071KL/727444,Active cut tape; any compliant 1 kOhm 1 percent 0805 >=0.125 W is acceptable,2026-10-01,R_TX_SER|R_RX_SER|R_ERR_SER|R_STB_SER|R_EN_SER,EUR,915470
RESISTOR,3.3 kOhm open-drain pull-ups,Yageo,RC0805FR-073K3L,DigiKey,311-3.30KCRCT-ND,2,10,0805 2.0 x 1.25 mm 1 percent 0.125 W,0.029,0.29,BUY_NOW,https://www.digikey.com/en/products/detail/yageo/RC0805FR-073K3L/730760,Active cut tape; any compliant 3.3 kOhm 1 percent 0805 >=0.125 W is acceptable; never pull RXD or ERR to 5 V,2026-10-01,R_RX_PULL|R_ERR_PULL,EUR,267300
TERMINATION,Matched 5.62 kOhm weak LS/FT termination pair,Yageo,RT0805BRD075K62L,DigiKey,YAG4923CT-ND,2,5,0805 2.0 x 1.25 mm 0.1 percent 0.125 W 25 ppm per C,0.10,0.50,BUY_NOW,https://www.digikey.com/en/products/detail/yageo/RT0805BRD075K62L/6617079,Active thin-film cut tape; use two parts from the same tape lot; never substitute a 120 ohm cross-bus terminator,2026-10-01,R_RTH|R_RTL,EUR,1482
POWER,1 kOhm BAT series resistor,Yageo,RC1206FR-071KL,DigiKey,311-1.00KFRCT-ND,1,5,1206 3.2 x 1.6 mm 1 percent 0.25 W,0.09,0.45,BUY_NOW,https://www.digikey.es/en/products/detail/yageo/RC1206FR-071KL/731334,Active cut tape; any compliant 1 kOhm 1 percent 1206 >=0.25 W is acceptable,2026-10-01,R_BAT,EUR,749268
POWER,60 V 100 mA hold resettable fuse,Littelfuse,MINISMDC010F-2,DigiKey,MINISMDC010F-2CT-ND,2,4,1812 4.5 x 3.2 mm,0.56,2.24,BUY_NOW,https://www.digikey.fr/fr/products/detail/littelfuse-inc/MINISMDC010F-2/3885070,"Active cut tape; 0.10 A hold 0.30 A trip 60 V; a lower-voltage PPTC is forbidden",2026-10-01,F_BAT|F_5V,EUR,50220
POWER,Reverse-polarity Schottky diode,Vishay General Semiconductor,SS16-E3/61T,DigiKey,SS16-E3/61TGICT-ND,1,3,SMA DO-214AC 4.5 x 2.5 mm,0.43,1.29,BUY_NOW,https://www.digikey.fr/fr/products/detail/vishay-general-semiconductor-diodes-division/SS16-E3-61T/1091540,Active cut tape; 60 V repetitive reverse and 1 A average; lower reverse-voltage rating is forbidden,2026-10-01,D_BAT,EUR,105763
CAPACITOR,100 nF local bypass capacitors,Wurth Elektronik,885012207098,DigiKey,732-8080-1-ND,2,10,0805 X7R 50 V 10 percent,0.09,0.90,BUY_NOW,https://www.digikey.fr/en/products/detail/w%C3%BCrth-elektronik/885012207098/5453935,Active cut tape replacement for obsolete Murata GRM21BR71H104KA01L,2026-10-01,C_VCC_100N|C_U2_100N,EUR,87650
CAPACITOR,22 uF VCC bulk capacitor,Taiyo Yuden,LMJ316BB7226MLHT,DigiKey,587-LMJ316BB7226MLHTCT-ND,1,5,1206 X7R 10 V 20 percent,0.77,3.85,BUY_NOW,https://www.digikey.com/en/products/detail/taiyo-yuden/LMJ316BB7226MLHT/6685848,Active automotive-grade cut tape; 1.9 mm maximum height; DC-bias performance must remain reviewed for any substitute,2026-10-01,C_VCC_22U,EUR,2033
CAPACITOR,10 nF BAT stabilization capacitor,Wurth Elektronik,885012207092,DigiKey,732-8074-1-ND,1,10,0805 X7R 50 V 10 percent,0.09,0.90,BUY_NOW,https://www.digikey.fr/fr/products/detail/w%C3%BCrth-elektronik/885012207092/5454701,Active cut tape replacement for the former Murata selection; a rating below 50 V is forbidden,2026-10-01,C_BAT_10N,EUR,13888
CONNECTOR,2-position vertical JST XH header,JST Sales America,B2B-XH-A(LF)(SN),DigiKey,455-2247-ND,1,2,Through-hole 2.50 mm pitch,0.09,0.18,BUY_NOW,https://www.digikey.com/en/products/detail/jst-sales-america-inc/B2B-XH-A/1651045,Active; mates with XHP-2 using SXH contacts,2026-10-01,J_BAT,EUR,IN_STOCK
CONNECTOR,3-position vertical JST XH header,JST Sales America,B3B-XH-A(LF)(SN),DigiKey,455-2248-ND,1,2,Through-hole 2.50 mm pitch,0.12,0.24,BUY_NOW,https://www.digikey.fr/en/products/detail/jst-sales-america-inc/B3B-XH-A/1651046,Active; mates with XHP-3 using SXH contacts,2026-10-01,J_KCAN,EUR,IN_STOCK
CONNECTOR,2-position JST XH receptacle housing,JST Sales America,XHP-2,DigiKey,455-2219-ND,1,2,2-position 2.50 mm housing,0.09,0.18,BUY_NOW,https://www.digikey.fr/en/products/detail/jst-sales-america-inc/XHP-2/1651016,Active; no contacts included,2026-10-01,H_BAT,EUR,249563
CONNECTOR,3-position JST XH receptacle housing,JST Sales America,XHP-3,DigiKey,455-2220-ND,1,2,3-position 2.50 mm housing,0.09,0.18,BUY_NOW,https://www.digikey.fr/en/products/detail/jst-sales-america-inc/XHP-3/1651017,Active; no contacts included,2026-10-01,H_KCAN,EUR,81357
CONNECTOR,Loose JST XH contacts,JST,SXH-001T-P0.6,Mouser France,306-SXH-001T-P0.6,0,0,AWG 26-22 open-barrel contact,0.11,0.00,DO_NOT_BUY,https://www.mouser.fr/fr/ProductDetail/JST-Commercial/SXH-001T-P0.6,Use only with a qualified applicator; pre-crimped leads avoid buying an exotic crimp tool for this prototype,2026-10-01,CRIMP,EUR,996909
CONNECTOR,Genuine JST XH pre-crimped socket-to-socket lead,JST Sales America,ASXHSXH22K152,DigiKey,455-3240-ND,3,4,22 AWG 152.4 mm lead with SXH contacts both ends,0.63,2.52,BUY_NOW,https://www.digikey.fr/en/products/detail/jst-sales-america-inc/ASXHSXH22K152/6684931,Cut in half to obtain up to eight traceable pigtails; five are required; label both ends before insertion,2026-10-01,LEAD_XH,EUR,9492
MECHANICAL,Double-sided plated-through 2-hole prototype board,BusBoard Prototype Systems,PR2H1-D,DigiKey,4526-PR2H1-D-ND,1,1,80 x 50 x 1.6 mm FR4 2.54 mm grid 0.94 mm holes,3.55,3.55,BUY_NOW,https://www.digikey.es/es/products/detail/busboard-prototype-systems/PR2H1-D/28714619,Active current -D revision; do not buy old PR2H1 when plated-through construction is not explicit,2026-10-01,PCB1,EUR,4
ADAPTER,Compact SOIC-14 narrow to DIP-14 adapter,Chip Quik,PA0003C,DigiKey,315-PA0003C-ND,1,2,SOIC-14 150 or 200 mil 1.27 mm to DIP 2.54 mm,5.69,11.38,BUY_NOW,https://www.digikey.fr/en/products/detail/chip-quik-inc/PA0003C/12352170,Active; exact match for TJA1055 3.9 mm SO-14 body; second adapter is a soldering spare,2026-10-01,ADP_U1,EUR,371
ADAPTER,Compact SOT-23-5 to DIP-6 adapter,Chip Quik,PA0086C,DigiKey,315-PA0086C-ND,1,2,SOT-23-5 or SC59-5 0.95 mm to DIP 2.54 mm,4.98,9.96,BUY_NOW,https://www.digikey.fr/fr/products/detail/chip-quik-inc/PA0086C/12352102,Active; exact match for TI DBV 5-pin package; Adafruit 1210 is incompatible,2026-10-01,ADP_U2,EUR,162
TESTPOINT,Insulated miniature through-hole test point,Keystone Electronics,5001,DigiKey,5001K-ND,15,20,Through-hole black 1.02 mm mounting hole,0.197,3.94,BUY_NOW,https://www.digikey.fr/fr/products/detail/keystone-electronics/5001/255327,Active bulk part; 5015 is surface-mount and is incompatible with the stated through-hole role,2026-10-01,TP_SET,EUR,795876
OPTIONAL_PROTECTION,Optional CAN TVS footprint left empty,Nexperia,"PESD2CAN,215",Not ordered,N/A,0,0,SOT-23,0.00,0.00,DO_NOT_BUY,https://www.nexperia.com/product/PESD2CAN,No TVS is qualified for the LS/FT bench node yet; footprint remains DNP,2026-10-01,D_CAN,EUR,N/A
OPTIONAL_FILTER,Optional common-mode choke footprint left empty,TBD,TBD_NOT_SELECTED,Not ordered,N/A,0,0,TBD,0.00,0.00,DO_NOT_BUY,,No part selected; footprint remains DNP until EMC measurements justify it,2026-10-01,L_CAN,EUR,N/A
BENCH,Current-limited 0-15 V laboratory supply at least 0.5 A,User selected,USER_SELECTED,Existing equipment,N/A,1,1,Bench instrument,70.00,70.00,BUY_NOW_IF_NOT_OWNED,,Essential before any powered check; do not use an unfused battery or unregulated wall adapter,2026-10-01,PSU12,EUR,USER_CHECK
BENCH,Digital multimeter with continuity resistance voltage and current,User selected,USER_SELECTED,Existing equipment,N/A,1,1,Handheld instrument,35.00,35.00,BUY_NOW_IF_NOT_OWNED,,Essential before any powered check; CAT rating must match actual use,2026-10-01,DMM,EUR,USER_CHECK
BENCH,Two-channel oscilloscope at least 20 MHz with two x10 probes,User selected,USER_SELECTED,Future measurement purchase,N/A,1,1,Bench instrument,300.00,300.00,BUY_LATER,,Mandatory for dynamic electrical PASS but not for unpowered assembly and continuity checks,2026-10-01,SCOPE,EUR,USER_CHECK
BENCH,Documented active ISO 11898-3 source at 100 kbit per second,PEAK-System,"IPEH-002021 + IPEH-002039",PEAK-System,PCAN-USB plus PCAN-TJA1054,1,1,USB interface plus LS FT converter,311.00,311.00,BUY_LATER,https://www.peak-system.com/produktcd/Pdf/English/PCAN-TJA1054_UserMan_eng.pdf,Future dynamic qualification only; not needed for static assembly and not authorized on the BMW,2026-10-01,GEN_LSFT,EUR,USER_CHECK
RETIRED,Obsolete N8-only distributor listing,Espressif Systems,ESP32-S3-DEVKITC-1-N8,Do not order,N/A,0,0,Obsolete DevKitC-1 listing,0.00,0.00,DO_NOT_BUY,https://www.mouser.fr/fr/ProductDetail/Espressif-Systems/ESP32-S3-DevKitC-1-N8,Replaced by ESP32-S3-DEVKITC-1-N8R8 after current official-variant and distributor review,2026-10-01,DEV1_PREVIOUS,EUR,OBSOLETE
RETIRED,Wrong SOIC or TSSOP adapter for the SOT-23-5 buffer,Adafruit,1210,Do not order,N/A,0,0,SOIC-14 or TSSOP-14 adapter set,0.00,0.00,DO_NOT_BUY,https://www.adafruit.com/product/1210,Incompatible with the TI DBV SOT-23-5 package; replaced by PA0086C,2026-10-01,ADP_U2_PREVIOUS,EUR,IN_STOCK_BUT_WRONG
RETIRED,Insufficiently traceable former SO-14 adapter selection,Proto Advantage,SBB0014A,Do not order,N/A,0,0,Unverified,0.00,0.00,DO_NOT_BUY,,Replaced by documented PA0003C matching 150 or 200 mil SOIC-14 and 1.27 mm pitch,2026-10-01,ADP_U1_PREVIOUS,EUR,UNVERIFIED
RETIRED,Surface-mount test point formerly described as through-hole,Keystone Electronics,5015,Do not order,N/A,0,0,Surface mount,0.00,0.00,DO_NOT_BUY,https://www.digikey.fr/fr/products/detail/keystone-electronics/5015/278885,Wrong mounting technology for the perfboard role; replaced by through-hole 5001,2026-10-01,TP_SET_PREVIOUS,EUR,IN_STOCK_BUT_WRONG
RETIRED,Obsolete 100 nF capacitor formerly selected,Murata,GRM21BR71H104KA01L,Do not order,N/A,0,0,0805 X7R 50 V,0.00,0.00,DO_NOT_BUY,https://www.digikey.fr/fr/products/detail/murata-electronics/GRM21BR71H104KA01L/586718,Obsolete; replaced by active Wurth 885012207098,2026-10-01,C_VCC_100N_PREVIOUS|C_U2_100N_PREVIOUS,EUR,OBSOLETE
RETIRED,End-of-life former transceiver substitution,NXP,"TJA1055T/3/C,518",Do not order,N/A,0,0,SO-14 3.9 mm body 1.27 mm pitch,0.00,0.00,DO_NOT_BUY,https://www.nxp.com/products/TJA1055T?tab=Package_Quality_Tab,NXP lists this suffix End of Life; it is not an approved substitute for active TJA1055T/3/2Z,2026-10-01,U1_PREVIOUS_ALTERNATIVE,EUR,EOL
