Designator,Quantity,Manufacturer Part Number,Procurement Type,Customer Note
U1,1,TJA1055T/3/2Z,,Exact manufacturer part number required; no substitution.
U2,1,CLVC1G125QDBVRQ1,,Exact manufacturer part number required; no substitution.
U3,1,TLS715B0EJV50XUMA1,,Exact manufacturer part number required; no substitution.
"H1, H2",2,SSQ-122-03-G-S,,Exact manufacturer part number required; no substitution.
F1,1,MINISMDC010F-2,,Exact manufacturer part number required; no substitution.
D1,1,SS16-E3/61T,,Exact manufacturer part number required; no substitution.
R1,1,RC1206FR-071KL,,Exact manufacturer part number required; no substitution.
"R2, R3, R11, R13",4,RC0805FR-0710KL,,Exact manufacturer part number required; no substitution.
R4,1,RC0805FR-07100KL,,Exact manufacturer part number required; no substitution.
"R5, R7, R9, R10, R12",5,RC0805FR-071KL,,Exact manufacturer part number required; no substitution.
"R6, R8",2,RC0805FR-073K3L,,Exact manufacturer part number required; no substitution.
"R14, R15",2,RT0805BRD075K62L,,Exact manufacturer part number required; no substitution.
"C1, C3, C6",3,885012207098,,Exact manufacturer part number required; no substitution.
C5,1,885012207092,,Exact manufacturer part number required; no substitution.
C2,1,CGA4J3X7R1E225K125AB,,Exact manufacturer part number required; no substitution.
C4,1,GCM31CR71A226ME02L,,Exact manufacturer part number required; no substitution.
J1,1,B2B-XH-A(LF)(SN),,Exact manufacturer part number required; no substitution.
J2,1,B3B-XH-A(LF)(SN),,Exact manufacturer part number required; no substitution.
JP1,1,TSW-102-07-G-S,,Exact manufacturer part number required; no substitution.
