Designator,Mid X,Mid Y,Layer,Rotation
C1,51.000000,-65.000000,Top,0.000000
C2,65.000000,-65.000000,Top,0.000000
C3,65.000000,-57.000000,Top,0.000000
C4,70.000000,-61.000000,Top,0.000000
C5,51.000000,-54.000000,Top,0.000000
C6,84.000000,-41.000000,Top,0.000000
D1,46.000000,-73.000000,Top,0.000000
F1,36.000000,-73.000000,Top,0.000000
H1,98.000000,-22.000000,Top,0.000000
H2,123.400000,-22.000000,Top,0.000000
J1,25.000000,-73.000000,Top,90.000000
J2,25.000000,-29.000000,Top,90.000000
JP1,73.000000,-48.000000,Top,90.000000
R1,45.000000,-57.000000,Top,0.000000
R2,69.000000,-38.000000,Top,0.000000
R3,82.000000,-55.000000,Top,0.000000
R4,89.000000,-55.000000,Top,0.000000
R5,92.000000,-48.000000,Top,0.000000
R6,74.000000,-31.000000,Top,0.000000
R7,81.000000,-31.000000,Top,0.000000
R8,74.000000,-35.000000,Top,0.000000
R9,81.000000,-35.000000,Top,0.000000
R10,67.000000,-46.000000,Top,0.000000
R11,67.000000,-49.000000,Top,0.000000
R12,67.000000,-52.000000,Top,0.000000
R13,67.000000,-55.000000,Top,0.000000
R14,39.000000,-28.000000,Top,0.000000
R15,39.000000,-34.000000,Top,0.000000
U1,56.000000,-41.000000,Top,90.000000
U2,84.000000,-48.000000,Top,0.000000
U3,58.000000,-72.000000,Top,0.000000
