Ref,Val,Package,PosX,PosY,Rot,Side
C1,C_REG_IN 100n 50V,C_0805_2012Metric,51.000000,-65.000000,0.000000,top
C2,C_REG_OUT 2.2u 25V,C_0805_2012Metric,65.000000,-65.000000,0.000000,top
C3,C_VCC 100n,C_0805_2012Metric,65.000000,-57.000000,0.000000,top
C4,C_VCC 22u 10V,C_1206_3216Metric,70.000000,-61.000000,0.000000,top
C5,C_BAT 10n 50V,C_0805_2012Metric,51.000000,-54.000000,0.000000,top
C6,C_U2 100n,C_0805_2012Metric,84.000000,-41.000000,0.000000,top
D1,D_BAT SS16,D_SMA,46.000000,-73.000000,0.000000,top
F1,F_BAT MINISMDC010F-2,Fuse_1812_4532Metric_Pad1.30x3.40mm_Reviewed,36.000000,-73.000000,0.000000,top
H1,ESP32-S3 DEVKIT J1,PinSocket_1x22_P2.54mm_Vertical,98.000000,-22.000000,0.000000,top
H2,ESP32-S3 DEVKIT J3,PinSocket_1x22_P2.54mm_Vertical,123.400000,-22.000000,0.000000,top
J1,J_BAT 10..18V BENCH,JST_XH_B2B-XH-A_1x02_P2.50mm_Vertical,25.000000,-73.000000,90.000000,top
J2,J_KCAN H L GND,JST_XH_B3B-XH-A_1x03_P2.50mm_Vertical,25.000000,-29.000000,90.000000,top
JP1,RX MODE REMOVE AT BOOT,PinHeader_1x02_P2.54mm_Vertical,73.000000,-48.000000,90.000000,top
R1,R_BAT 1k,R_1206_3216Metric,45.000000,-57.000000,0.000000,top
R2,R_TXD 10k,R_0805_2012Metric,69.000000,-38.000000,0.000000,top
R3,R_OE 10k,R_0805_2012Metric,82.000000,-55.000000,0.000000,top
R4,R_A 100k,R_0805_2012Metric,89.000000,-55.000000,0.000000,top
R5,R_TX_SER 1k,R_0805_2012Metric,92.000000,-48.000000,0.000000,top
R6,R_RX_PULL 3.3k,R_0805_2012Metric,74.000000,-31.000000,0.000000,top
R7,R_RX_SER 1k,R_0805_2012Metric,81.000000,-31.000000,0.000000,top
R8,R_ERR_PULL 3.3k,R_0805_2012Metric,74.000000,-35.000000,0.000000,top
R9,R_ERR_SER 1k,R_0805_2012Metric,81.000000,-35.000000,0.000000,top
R10,R_STB_SER 1k,R_0805_2012Metric,67.000000,-46.000000,0.000000,top
R11,R_STB_PD 10k,R_0805_2012Metric,67.000000,-49.000000,0.000000,top
R12,R_EN_SER 1k,R_0805_2012Metric,67.000000,-52.000000,0.000000,top
R13,R_EN_PD 10k,R_0805_2012Metric,67.000000,-55.000000,0.000000,top
R14,R_RTH 5.62k,R_0805_2012Metric,39.000000,-28.000000,0.000000,top
R15,R_RTL 5.62k,R_0805_2012Metric,39.000000,-34.000000,0.000000,top
U1,TJA1055T/3/2Z,SO-14_3.9x8.65mm_P1.27mm,56.000000,-41.000000,90.000000,top
U2,CLVC1G125QDBVRQ1,SOT-23-5,84.000000,-48.000000,0.000000,top
U3,TLS715B0EJV50XUMA1,Infineon_PG-DSO-8-52_3.9x4.9mm_EP2.65x3mm_ThermalVias,58.000000,-72.000000,0.000000,top
