mpn,manufacturer,qty_used,qty_review_order,preferred_source,preferred_sku,manufacturer_status,jlc_lcsc,pcbway,digikey_mouser,substitution_policy,notes
TJA1055T/3/2Z,NXP,1,2,DigiKey,568-TJA1055T/3/2ZCT-ND,Active,EXTERNAL_SOURCE_REQUIRED,QUOTE_WITH_EXACT_MPN,AUTHORIZED_STOCK_OBSERVED,NO_SUBSTITUTION,Consign if assembler lacks exact /3/2Z
CLVC1G125QDBVRQ1,Texas Instruments,1,3,Mouser,595-CLVC1G125QDBVRQ1,Active,EXTERNAL_SOURCE_REQUIRED,QUOTE_WITH_EXACT_MPN,MOUSER_IN_STOCK_1618_SNAPSHOT_2026-10-03_DIGIKEY_BACKORDER,NO_SUBSTITUTION,Do not substitute the non-Q1 buffer; G4 suffix requires exact order-code review
TLS715B0EJV50XUMA1,Infineon,1,3,DigiKey,TLS715B0EJV50XUMA1CT-ND,Active and preferred,NOT_CONFIRMED,QUOTE_WITH_EXACT_MPN,IN_STOCK_SNAPSHOT_2026-10-03,NO_SUBSTITUTION,Planned availability at least 2038
ESP32-S3-DEVKITC-1-N8R8,Espressif Systems,1,1,DigiKey,1965-ESP32-S3-DEVKITC-1-N8R8-ND,Active,NOT_PCBA,USER_INSTALL,ACTIVE_BACKORDER_SNAPSHOT_2026-10-03,NO_SUBSTITUTION,DigiKey exact listing active but 0 stock with estimated 2027 restock; recheck an authorized distributor; user-install; do not substitute the variant
SSQ-122-03-G-S,Samtec,2,2,DigiKey,612-SSQ-122-03-G-S-ND,Active,NOT_CONFIRMED,QUOTE_OR_USER_INSTALL,AUTHORIZED_LISTING_OBSERVED,NO_SILENT_SUBSTITUTION,Verify socket height on received DevKit
MINISMDC010F-2,Littelfuse,1,2,DigiKey,F1993CT-ND,Active,RECHECK_AT_QUOTE,QUOTE_WITH_EXACT_MPN,AUTHORIZED_STOCK_OBSERVED,NO_SILENT_SUBSTITUTION,F_BAT only; no F_5V
SS16-E3/61T,Vishay,1,2,DigiKey,SS16-E3/61TGICT-ND,Active,RECHECK_AT_QUOTE,QUOTE_WITH_EXACT_MPN,AUTHORIZED_STOCK_OBSERVED,NO_SILENT_SUBSTITUTION,D_BAT only; no undocumented OUT-to-IN diode
CGA4J3X7R1E225K125AB,TDK,1,5,DigiKey,445-6965-1-ND,Production,RECHECK_AT_QUOTE,QUOTE_WITH_EXACT_MPN,IN_STOCK_SNAPSHOT_2026-10-03,NO_SILENT_SUBSTITUTION,2.2uF 25V X7R AEC-Q200
GCM31CR71A226ME02L,Murata,1,5,Mouser,81-GCM31CR71A226ME2L,Active,RECHECK_AT_QUOTE,QUOTE_WITH_EXACT_MPN,AUTHORIZED_LISTING_OBSERVED,NO_SILENT_SUBSTITUTION,22uF 10V X7R AEC-Q200
885012207098,Wurth Elektronik,3,10,DigiKey,732-7671-1-ND,Active,RECHECK_AT_QUOTE,QUOTE_WITH_EXACT_MPN,AUTHORIZED_STOCK_OBSERVED,NO_SILENT_SUBSTITUTION,100nF 50V X7R
885012207092,Wurth Elektronik,1,5,DigiKey,732-7665-1-ND,Active,RECHECK_AT_QUOTE,QUOTE_WITH_EXACT_MPN,AUTHORIZED_STOCK_OBSERVED,NO_SILENT_SUBSTITUTION,10nF 50V X7R
RC0805_FAMILY,Yageo,12,ASSORTED,DigiKey,SEE_BOM,Active,RECHECK_AT_QUOTE,QUOTE_WITH_EXACT_MPN,AUTHORIZED_STOCK_OBSERVED,EXACT_VALUE_TOLERANCE_PACKAGE,No kit substitutions
RT0805BRD075K62L,Yageo,2,5,DigiKey,311-5.62KDACT-ND,Active,RECHECK_AT_QUOTE,QUOTE_WITH_EXACT_MPN,AUTHORIZED_STOCK_OBSERVED,MATCHED_PAIR_SAME_LOT,0.1 percent
RC1206FR-071KL,Yageo,1,5,DigiKey,311-1.00KFRCT-ND,Active,RECHECK_AT_QUOTE,QUOTE_WITH_EXACT_MPN,AUTHORIZED_STOCK_OBSERVED,NO_SILENT_SUBSTITUTION,
B2B-XH-A(LF)(SN),JST,1,2,DigiKey,455-B2B-XH-A(LF)(SN)-ND,Active,RECHECK_AT_QUOTE,QUOTE_OR_THT,AUTHORIZED_STOCK_OBSERVED,NO_SILENT_SUBSTITUTION,
B3B-XH-A(LF)(SN),JST,1,2,DigiKey,455-B3B-XH-A(LF)(SN)-ND,Active,RECHECK_AT_QUOTE,QUOTE_OR_THT,AUTHORIZED_STOCK_OBSERVED,NO_SILENT_SUBSTITUTION,
TSW-102-07-G-S,Samtec,1,2,DigiKey,SAM1044-02-ND,Active,RECHECK_AT_QUOTE,QUOTE_OR_THT,AUTHORIZED_LISTING_OBSERVED,NO_SILENT_SUBSTITUTION,
SNT-100-BK-G,Samtec,1,3,DigiKey,SAM1035-02-ND,Active,NOT_PCBA,USER_INSTALL,AUTHORIZED_LISTING_OBSERVED,NO_SILENT_SUBSTITUTION,Remove at boot
