reference,quantity,manufacturer,mpn,value,package,assembly,role
U1,1,NXP,TJA1055T/3/2Z,TJA1055T/3,SO-14_3.9x8.7mm,MOUNT,ISO11898-3 receiver
U2,1,Texas Instruments,CLVC1G125QDBVRQ1,74LVC1G125-Q1,SOT-23-5 DBV,MOUNT,TX isolation barrier
U3,1,Infineon,TLS715B0EJV50XUMA1,5V 150mA,PG-DSO-8-52 EP,MOUNT,Dedicated 5V_TJA regulator
H1 H2,2,Samtec,SSQ-122-03-G-S,1x22 female,2.54mm THT,MOUNT,DevKit sockets
F1,1,Littelfuse,MINISMDC010F-2,0.10A hold,1812,MOUNT,F_BAT input current protection
D1,1,Vishay,SS16-E3/61T,SS16 / D_BAT,SMA,MOUNT,Input reverse-polarity protection
R1,1,Yageo,RC1206FR-071KL,1k 1%,1206,MOUNT,R_BAT TJA BAT series
R2 R3 R11 R13,4,Yageo,RC0805FR-0710KL,10k 1%,0805,MOUNT,R_TXD R_OE R_STB_PD R_EN_PD safe-state bias
R4,1,Yageo,RC0805FR-07100KL,100k 1%,0805,MOUNT,R_A U2 input bias
R5 R7 R9 R10 R12,5,Yageo,RC0805FR-071KL,1k 1%,0805,MOUNT,R_TX_SER R_RX_SER R_ERR_SER R_STB_SER R_EN_SER
R6 R8,2,Yageo,RC0805FR-073K3L,3.3k 1%,0805,MOUNT,R_RX_PULL R_ERR_PULL open-drain pulls
R14 R15,2,Yageo,RT0805BRD075K62L,5.62k 0.1%,0805,MOUNT,R_RTH R_RTL weak matched LSFT termination
C1 C3 C6,3,Wurth Elektronik,885012207098,100nF 50V X7R,0805,MOUNT,C_REG_IN C_VCC C_U2 local bypass
C5,1,Wurth Elektronik,885012207092,10nF 50V X7R,0805,MOUNT,C_BAT TJA BAT local
C2,1,TDK,CGA4J3X7R1E225K125AB,2.2uF 25V X7R,0805,MOUNT,C_REG_OUT U3 stability
C4,1,Murata,GCM31CR71A226ME02L,22uF 10V X7R,1206,MOUNT,C_VCC TJA reservoir
J1,1,JST,B2B-XH-A(LF)(SN),2-pin XH,2.50mm THT,MOUNT,J_BAT bench power
J2,1,JST,B3B-XH-A(LF)(SN),3-pin XH,2.50mm THT,MOUNT,J_KCAN isolated bench bus
JP1,1,Samtec,TSW-102-07-G-S,2-pin,2.54mm THT,MOUNT,JP_RX_MODE manual receive arm
