Comment,Designator,Footprint,LCSC Part #
TJA1055T/3/2Z,U1,SO-14_3.9x8.7mm,
SN74LXC1T45QDCKRQ1,U2,SC70-6 DCK,
TLS715B0EJV50XUMA1,U3,PG-DSO-8-52 EP,
SSQ-122-03-G-S,"H1, H2",2.54mm THT,
MINISMDC010F-2,F1,1812,
SS16-E3/61T,D1,SMA,
RC1206FR-071KL,R1,1206,
RC0805FR-0710KL,"R2, R11, R13",0805,
RC0805FR-07100KL,R4,0805,
RC0805FR-071KL,"R5, R7, R9, R10, R12",0805,
RC0805FR-073K3L,"R6, R8",0805,
RT0805BRD075K62L,"R14, R15",0805,
885012207098,"C1, C3, C6, C7, C8",0805,
885012207092,C5,0805,
CGA4J3X7R1E225K125AB,C2,0805,
GCM31CR71A226ME02L,C4,1206,
B2B-XH-A(LF)(SN),J1,2.50mm THT,
B3B-XH-A(LF)(SN),J2,2.50mm THT,
